REGIME,SENSOR,TARGET_MRR,TARGET_MRR_LOWER_Q1,TARGET_MRR_UPPER_Q3,SENSOR_CANDIDATE_LOWER_Q1,SENSOR_CANDIDATE_MEDIAN,SENSOR_CANDIDATE_UPPER_Q3,INTERPRETATION
Stage A–Chamber 1,HEAD_ROTATION,151.0689,148.561575,153.64155,158.2993006993007,158.60363636363635,159.67299270072994,목표 MRR 중심 50%에서 관측된 Sensor 평균값의 Q1–Q3; 최적 Setpoint 확정 아님
Stage A–Chamber 1,RETAINER_RING_PRESSURE,151.0689,148.561575,153.64155,0.0,0.0,1013.8063829787235,목표 MRR 중심 50%에서 관측된 Sensor 평균값의 Q1–Q3; 최적 Setpoint 확정 아님
Stage A–Chamber 1,CENTER_AIR_BAG_PRESSURE,151.0689,148.561575,153.64155,0.0,0.0,32.508865248226954,목표 MRR 중심 50%에서 관측된 Sensor 평균값의 Q1–Q3; 최적 Setpoint 확정 아님
Stage A–Chamber 4,EDGE_AIR_BAG_PRESSURE,74.1186,69.690675,77.733,20.186412227222156,38.118498417017314,38.8694972649061,목표 MRR 중심 50%에서 관측된 Sensor 평균값의 Q1–Q3; 최적 Setpoint 확정 아님
Stage A–Chamber 4,SLURRY_FLOW_LINE_A,74.1186,69.690675,77.733,3.6505538771393957,5.096908349024746,5.592838413632744,목표 MRR 중심 50%에서 관측된 Sensor 평균값의 Q1–Q3; 최적 Setpoint 확정 아님
Stage A–Chamber 4,SLURRY_FLOW_LINE_C,74.1186,69.690675,77.733,176.57855072463767,315.10769230769233,325.5406976744186,목표 MRR 중심 50%에서 관측된 Sensor 평균값의 Q1–Q3; 최적 Setpoint 확정 아님
Stage B–Chamber 4,SLURRY_FLOW_LINE_A,81.512475,73.3840875,86.746725,4.247769430963012,5.28662181004993,5.590035153552412,목표 MRR 중심 50%에서 관측된 Sensor 평균값의 Q1–Q3; 최적 Setpoint 확정 아님
Stage B–Chamber 4,RETAINER_RING_PRESSURE,81.512475,73.3840875,86.746725,1129.773187895848,1561.7302654867258,1630.9899844064585,목표 MRR 중심 50%에서 관측된 Sensor 평균값의 Q1–Q3; 최적 Setpoint 확정 아님
Stage B–Chamber 4,CENTER_AIR_BAG_PRESSURE,81.512475,73.3840875,86.746725,36.64768938098495,50.58796965317919,51.92768719806763,목표 MRR 중심 50%에서 관측된 Sensor 평균값의 Q1–Q3; 최적 Setpoint 확정 아님
